LUILU RESSOURCES SAS,,,,,鲁依鲁资源简易股份有限公司,,,,
167 AV. BUKAMA Q.MUTOSHI,,,,,Tel: +243843613879,,,,
"C/MANIKA, KOLWEZI",,,,,E-mail: xicboyang@hkexcelllen.com,,,,
"Province du Lualaba, Democratic Republic of Congo",,,,,,,,,
,,,,,,,,,
LISTE DE COLISAGE,,,,,,,,,
DESCRIPTION:,CONCENTRÉ DE CUIVRE,,,,N° DE LISTE DE COLISAGE :,EX202609-0376,,,
DATE:,3-Sep-26,,,,,,,,
DÉTAILS DU CAMION,,,,,,,,,
CHEVAL:,T681ERQ,,,,CHARIOT-REMORQUE 2:,NA,,,
CHARIOT-REMORQUE 1,T766ERT,,,,CONDUCTEUR:,AMIMU MDAILE,,,
CONDUCTEUR:,AMIMU MDAILE,,,,PASSPORT:,TAE793110,,,
LIEU DE CHARGEMENT:,L’USINE DE LUILU,,,,,,,,
TRANSPORTEUR:,VAN MO COMPANY LIMITED,,,,,,,,
TRANSIT:,/,,,,,,,,
BORDER:,Dar es Salaam,,,,,,,,
AGENT:,CONNEX,,,,,,,,
NO.,,BAG NO.,,,NET WEIGHT(KG),,,SEAL NO.,
1,,LU-CC26082392,,,1551,,,116094,
2,,LU-CC26082393,,,1706,,,116098,
3,,LU-CC26082391,,,1462,,,109799,
4,,LU-CC26082396,,,1659,,,116940,
5,,LU-CC26082395,,,1490,,,109055,
6,,LU-CC26082394,,,1527,,,113787,
7,,LU-CC260823101,,,1742,,,109476,
8,,LU-CC260823100,,,1440,,,116834,
9,,LU-CC26082399,,,1548,,,109074,
10,,LU-CC26082398,,,1551,,,109079,
11,,LU-CC260823105,,,1428,,,116814,
12,,LU-CC260823104,,,1646,,,116900,
13,,LU-CC260823103,,,1694,,,114598,
14,,LU-CC260823102,,,1538,,,113981,
15,,LU-CC260823107,,,1287,,,113400,
16,,LU-CC260823113,,,1683,,,DC02110,
17,,LU-CC260823111,,,1533,,,DC02130,
18,,LU-CC260823112,,,1424,,,DC02140,
19,,LU-CC26072390,,,1423,,,114890,
20,,LU-CC26072354,,,1258,,,114854,
TOTAL:,,,,,30590,,,,
BENEFICIARY,,,,,,,,,
LUILU RESSOURCES,,,,,,,,,
Conseil chaleureux :,,,,,,,,,
DRIVER:,,,,,SUPPLY:,,,,
TRANSPORT AGENT:,,,,,SECURITY:,,,,
,,,,,,,,,
,,,,,,,,,
